Workbook

Sheet Portada
E6: Plan de Pruebas Proyecto Bomberos SIGMAVE
E35: Integrantes: Patricio Finschi - Enzo Toledo - Ramón Ortiz

Sheet Plan de prueba
E1: Prefijo | F1: N° | G1: ID | H1: Sprint | I1: Nombre de la prueba | J1: Tipo | K1: Resultado esperado | L1: Pre condicion | M1: Pasos | N1: Resultado obtenido | O1: Datos de prueba | P1: Modulo a probar | Q1: Criterios de aceptacion | R1: Estrategia | S1: Resultado | T1: Candidato a automatizar | U1: Responsable ejecución | V1: Evidencia
E2: MTC | F2: 10 | G2: =E2&"_"&TEXT(F2,"0000") -> MTC_0010 | H2: Sprint 1 | I2: HU01-CA1: Validar Ver listado de vehículos con su estado | J2: Funcional | K2: Se listan B-1 y R-1, cada uno con su código, tipo (marca y modelo) y una etiqueta de estado: «Operativo» (verde) o «En mantención» (ámbar). | L2: Sistema levantado (Supabase + API + Front) con los datos del seed. Sesión cerrada. | M2: 1. Ingresar a http://localhost:5173/login. 2. Iniciar sesión como bombero.c1. 3. Revisar la lista «Flota de Emergencia» del Dashboard. | N2: Se visualiza la lista con los vehiculos regritados y sus caracteristicas. | O2: Usuario: bombero.c1@sigmave.cl (clave de prueba según Backend/supabase/seed.sql). Vehículos de la Primera compañía: B-1 (Operativo) y R-1 (En mantención). | P2: Ver listado de vehículos con su estado | Q2: 1. Dado que estoy autenticado, cuando abro la sección "Vehículos", entonces veo una lista con código, tipo y estado (operativo / no operativo / mantención próxima) de cada vehículo. | R2: Caja Negra | S2: OK | T2: SI | U2: Patricio Finschi | V2: #VALUE!
E3: MTC | F3: 20 | G3: =E3&"_"&TEXT(F3,"0000") -> MTC_0020 | H3: Sprint 1 | I3: HU01-CA2: Validar Ver listado de vehículos con su estado | J3: Funcional | K3: B-1 aparece con la etiqueta «No Operativo» en rojo. Nota: si el vehículo tuviera una mantención en proceso, se mostraría «En mantención» (ámbar), porque el taller tiene prioridad. | L3: Sistema levantado (Supabase + API + Front) con los datos del seed. B-1 en estado Operativo y sin mantención en proceso. | M3: 1. Iniciar sesión como bombero.c1. 2. Abrir la ficha de B-1 y presionar «Reportar Falla». 3. Elegir urgencia y escribir la descripción; enviar. 4. Volver al Dashboard y ubicar B-1 en la lista. | N3: Al realizar el cambio de estado, este si se aplica según el vehiculo seleccionado. | O3: Vehículo B-1. Urgencia: Alta. Descripción: «Pierde presión la bomba al acelerar». | P3: Ver listado de vehículos con su estado | Q3: 2. Dado que un vehículo tiene una falla activa, cuando lo veo en la lista, entonces su estado se muestra en rojo. | R3: Caja Negra | S3: OK | T3: SI | U3: Patricio Finschi | V3: #VALUE!
E4: MTC | F4: 30 | G4: =E4&"_"&TEXT(F4,"0000") -> MTC_0030 | H4: Sprint 1 | I4: HU01-SEG01: Validar que el listado muestre solo los vehículos de la compañía del usuario | J4: Seguridad | K4: bombero.c1 ve solo B-1 y R-1; bombero.c2 ve solo B-2; el administrador ve los 3 con la etiqueta de su compañía, y el selector filtra correctamente. | L4: Sistema levantado (Supabase + API + Front) con los datos del seed. Primera compañía: B-1 y R-1. Segunda compañía: B-2. | M4: 1. Iniciar sesión como bombero.c1 (Primera) y revisar la lista. 2. Cerrar sesión e iniciar como bombero.c2 (Segunda) y revisar la lista. 3. Cerrar sesión e iniciar como administrador; revisar la lista con «Todas las compañías» y luego eligiendo cada compañía en el selector. | N4: Inciando sesion con los usuarios de pruebas que se registraron para cada compañía, estos solo ven los vehiculos listados para su compañía correspondiente. | O4: Usuarios: bombero.c1@sigmave.cl, bombero.c2@sigmave.cl y admin@admin.cl (clave de prueba según Backend/supabase/seed.sql). | P4: Ver listado de vehículos con su estado | Q4: La historia indica «vehículos de mi compañía»: ningún usuario debe ver vehículos de otra compañía (salvo el administrador). | R4: Caja Negra | S4: OK | T4: SI | U4: Patricio Finschi | V4: #VALUE! | W4: #VALUE!
E5: MTC | F5: 40 | G5: =E5&"_"&TEXT(F5,"0000") -> MTC_0040 | H5: Sprint 1 | I5: HU02-CA1: Validar Consultar ficha de un vehículo | J5: Funcional | K5: La ficha muestra: nomenclatura B-1, tipo (marca y modelo: Mercedes-Benz Atego 1726), año 2019, patente KLHT21, estado actual, última preventiva (12-09-2026) y próxima preventiva (12-03-2027). | L5: Sistema levantado (Supabase + API + Front) con los datos del seed. Sesión iniciada como bombero.c1. | M5: 1. En el Dashboard, hacer clic en B-1. 2. Revisar los datos de la ficha. | N5: Se aprecia el detalle de la ficha vehicular según el seleccionado | O5: Vehículo B-1: Mercedes-Benz Atego 1726, año 2019, patente KLHT21. | P5: Consultar ficha de un vehículo | Q5: 1. Dado que selecciono un vehículo de la lista, cuando entro a su ficha, entonces veo tipo, marca, año, patente y estado actual. | R5: Caja Negra | S5: OK | T5: SI | U5: Patricio Finschi | V5: #VALUE!
E6: MTC | F6: 50 | G6: =E6&"_"&TEXT(F6,"0000") -> MTC_0050 | H6: Sprint 1 | I6: HU02-CA2: Validar Consultar ficha de un vehículo | J6: Funcional | K6: Se muestra la mantención 10-09-2026 → 12-09-2026, preventiva, «Finalizada», total $420.000 (Repuestos $300.000 · M.O. $120.000), ordenadas de la más reciente a la más antigua. También se muestra la sección «Historial de Fallas». | L6: Sistema levantado (Supabase + API + Front) con los datos del seed. Sesión iniciada como bombero.c1. | M6: 1. Abrir la ficha de B-1. 2. Revisar las secciones «Historial de Mantenciones» e «Historial de Fallas». | N6: En la selección de un vehiculo, se aprecia el historial de mantenciones y fallas ordenadas de la mas reciente a la mas antigua. | O6: Vehículo B-1 con su mantención preventiva del seed. | P6: Consultar ficha de un vehículo | Q6: 2. Dado que estoy en la ficha, cuando reviso el historial, entonces veo las últimas mantenciones registradas. | R6: Caja Negra | S6: OK | T6: SI | U6: Patricio Finschi | V6: #VALUE!
E7: MTC | F7: 60 | G7: =E7&"_"&TEXT(F7,"0000") -> MTC_0060 | H7: Sprint 1 | I7: HU02-SEG01: Validar que no se pueda abrir la ficha de un vehículo de otra compañía | J7: Seguridad | K7: No se muestra la ficha de B-2: el sistema redirige al Dashboard. (La API responde 404 a GET /api/vehiculos/3 para este usuario.) | L7: Sistema levantado (Supabase + API + Front) con los datos del seed. Sesión iniciada como bombero.c1 (Primera). B-2 pertenece a la Segunda compañía (id 3). | M7: 1. Escribir en el navegador http://localhost:5173/vehiculos/3. 2. Observar el resultado. | N7: Forzando la busqueda de un vehiculo de la segunda compañía con un usuario / bombero de la primera compañía, este no tiene acceso a ver la informacion del vehiculo, ni por medio de la API | O7: URL directa a la ficha de B-2 (id 3). | P7: Consultar ficha de un vehículo | Q7: Un usuario no debe acceder a la información de vehículos de otra compañía, ni siquiera por URL. | R7: Caja Negra | S7: OK | T7: SI | U7: Patricio Finschi | V7: #VALUE! | W7: #VALUE!
E8: MTC | F8: 70 | G8: =E8&"_"&TEXT(F8,"0000") -> MTC_0070 | H8: Sprint 1 | I8: HU03-CA1: Validar Crear ficha de nuevo vehículo | J8: Funcional | K8: Aparece «Vehículo registrado correctamente» y B-9 se ve en la lista de la flota con estado «Operativo». (El formulario no tiene un campo «tipo»: el tipo es la marca y el modelo.) | L8: Sistema levantado (Supabase + API + Front) con los datos del seed. Sesión iniciada como inspector.c1 (cualquier rol puede registrar vehículos en su compañía). | M8: 1. En el Dashboard, presionar «Registrar vehículo». 2. Completar el formulario con los datos de prueba. 3. Presionar «Registrar vehículo». | N8: El registro de un vehiculo se cumple con los criterios, solo falta el mensaje de confirmacion 'Vehiculo registrado correctamente'. | O8: Usuario: inspector.c1@sigmave.cl (clave de prueba según Backend/supabase/seed.sql). Nomenclatura: B-9; Patente: ABCD12; Marca: Renault; Modelo: Midlum 270; Año: 2020; Estado: Operativo; Compañía: Primera compañía. | P8: Crear ficha de nuevo vehículo | Q8: 1. Dado que completo el formulario de alta (tipo, marca, año, patente), cuando guardo, entonces el vehículo queda creado y visible en el listado. | R8: Caja Negra | S8: NOK | T8: SI | U8: Patricio Finschi | V8: #VALUE! | W8: #VALUE!
E9: MTC | F9: 80 | G9: =E9&"_"&TEXT(F9,"0000") -> MTC_0080 | H9: Sprint 1 | I9: HU03-CA2: Validar Crear ficha de nuevo vehículo | J9: Funcional | K9: Se muestra «La nomenclatura es obligatoria» bajo el campo, marcado en rojo, y el vehículo no se crea. | L9: Sistema levantado (Supabase + API + Front) con los datos del seed. Sesión iniciada como inspector.c1. | M9: 1. Presionar «Registrar vehículo». 2. Dejar vacía la nomenclatura y completar el resto. 3. Presionar «Registrar vehículo». | N9: Ingresando un nuevo vehiculo con la nomenclatura vacia, salta la validacion del formulario impidiendo realizar de igual manera el registro del vehiculo | O9: Nomenclatura vacía; resto de los campos como en HU03-CA1. Campos obligatorios: nomenclatura y compañía. | P9: Crear ficha de nuevo vehículo | Q9: 2. Dado que dejo un campo obligatorio vacío, cuando intento guardar, entonces el sistema muestra un error y no guarda. | R9: Caja Negra | S9: OK | T9: SI | U9: Patricio Finschi | V9: #VALUE!
E10: MTC | F10: 90 | G10: =E10&"_"&TEXT(F10,"0000") -> MTC_0090 | H10: Sprint 1 | I10: HU03-VAL01: Validar el rango del año de fabricación | J10: Funcional | K10: En ambos casos se muestra «Año inválido (1900 - <año siguiente al actual>)» y el vehículo no se crea. | L10: Sistema levantado (Supabase + API + Front) con los datos del seed. Sesión iniciada como inspector.c1. | M10: 1. Presionar «Registrar vehículo». 2. Completar el formulario con año 1850 y presionar «Registrar vehículo». 3. Repetir con el año 2099. | N10: El formulario de registro valida que los años de fabricacion de los vehiculos sea valida | O10: Datos de HU03-CA1 cambiando el año a 1850 y luego a 2099. | P10: Crear ficha de nuevo vehículo | Q10: El año de fabricación debe estar entre 1900 y el año siguiente al actual. | R10: Caja Negra | S10: OK | T10: SI | U10: Patricio Finschi | V10: #VALUE! | W10: #VALUE!
E11: MTC | F11: 100 | G11: =E11&"_"&TEXT(F11,"0000") -> MTC_0100 | H11: Sprint 1 | I11: HU03-SEG01: Validar que no se pueda registrar un vehículo en otra compañía | J11: Seguridad | K11: El selector solo ofrece la Primera compañía. La API responde 403 «No puedes asignar vehículos a una compañía que no es la tuya» y no crea el vehículo. | L11: Sistema levantado (Supabase + API + Front) con los datos del seed. Sesión iniciada como bombero.c1 (Primera). | M11: 1. Presionar «Registrar vehículo» y revisar las opciones del selector de compañía. 2. Con una herramienta de API (Postman o curl) y la sesión de bombero.c1, enviar POST /api/vehiculos con id_compania = 2. | N11: Inciando sesion como los dos bomberos, cada uno de una compañía distinta, puede solo registrar vehiculos en la compañía que le corresponde | O11: Body: {"nomenclatura": "X-1", "id_compania": 2} | P11: Crear ficha de nuevo vehículo | Q11: Un usuario solo puede registrar vehículos en su propia compañía (el administrador, en cualquiera). | R11: Hibrido | S11: OK | T11: SI | U11: Patricio Finschi | V11: #VALUE! | W11: #VALUE!
E12: MTC | F12: 110 | G12: =E12&"_"&TEXT(F12,"0000") -> MTC_0110 | H12: Sprint 1 | I12: HU04-CA1: Validar Editar ficha de un vehículo | J12: Funcional | K12: El cambio de patente se ve de inmediato en la ficha y en el listado de la flota. | L12: BLOQUEADO: la pantalla de edición de vehículos aún no está implementada (la API PUT /api/vehiculos/:id sí existe). Ejecutar cuando se complete HU04. | M12: 1. Iniciar sesión como inspector.c1. 2. Abrir la ficha de B-1 y buscar la opción para editar. 3. Cambiar la patente y guardar. 4. Revisar la ficha y el listado. | N12: No se puede terminar de ejecutar la prueba, ya que la vista de la ficha de los vehiculos no cuenta con la opcion para editar la informacion ya existente del vehiculo. | O12: Vehículo B-1; nueva patente: KLHT99. | P12: Editar ficha de un vehículo | Q12: 1. Dado que estoy en la ficha de un vehículo, cuando modifico un dato y guardo, entonces el cambio se refleja inmediatamente. | R12: Caja Negra | S12: Bloqueado | T12: SI | U12: Patricio Finschi | V12: #VALUE!
E13: MTC | F13: 120 | G13: =E13&"_"&TEXT(F13,"0000") -> MTC_0120 | H13: Sprint 1 | I13: HU05-CA1: Validar Reportar falla de un vehículo | J13: Funcional | K13: Se muestra «Reporte Enviado» con el N° de reporte, la urgencia y la fecha; B-1 pasa a «No Operativo». El Teniente ve la pestaña «Fallas» con un contador rojo (aviso dentro de la app) y el reporte en «Pendientes de derivar». | L13: Sistema levantado (Supabase + API + Front) con los datos del seed. Sesión iniciada como bombero.c1. B-1 en estado Operativo. | M13: 1. Abrir la ficha de B-1 y presionar «Reportar Falla». 2. Elegir urgencia Alta y escribir la descripción. 3. Presionar «Enviar Reporte de Falla». 4. Cerrar sesión e iniciar como teniente.c1. 5. Revisar la pestaña «Fallas». | N13: El registro de falla de un vehiculo se cumple, de esta forma el teniente recibe los registros de los vehiculos con las fallas registrdas. | O13: Vehículo B-9; urgencia Alta; descripción «Falla en sistema de frenos». Usuarios: bombero.c1 y teniente.c1 (clave de prueba según Backend/supabase/seed.sql). | P13: Reportar falla de un vehículo | Q13: 1. Dado que estoy en la ficha de un vehículo, cuando completo el formulario "Reportar falla" (descripción, urgencia) y lo envío, entonces se genera un reporte y se notifica al Teniente Tercero. | R13: Caja Negra | S13: OK | T13: SI | U13: Patricio Finschi | V13: #VALUE! | W13: #VALUE! | X13: #VALUE! | Y13: #VALUE! | Z13: #VALUE!
E14: MTC | F14: 130 | G14: =E14&"_"&TEXT(F14,"0000") -> MTC_0130 | H14: Sprint 1 | I14: HU05-CA2: Validar Reportar falla de un vehículo | J14: Funcional | K14: En ambos casos se muestra «Describe la falla antes de enviar el reporte», el campo se marca en rojo y no se crea el reporte (B-1 no cambia de estado). | L14: Sistema levantado (Supabase + API + Front) con los datos del seed. Sesión iniciada como bombero.c1. | M14: 1. Abrir «Reportar Falla» de B-1. 2. Dejar la descripción vacía y presionar «Enviar Reporte de Falla». 3. Repetir escribiendo solo espacios en la descripción. | N14: Realizando ambas pruebas, salta la validacion del campo impidiendo realizar un registro vacio | O14: Descripción vacía y descripción con solo espacios; urgencia Alta. | P14: Reportar falla de un vehículo | Q14: 2. Dado que no completo la descripción, cuando intento enviar, entonces el sistema muestra un error y no permite enviar. | R14: Caja Negra | S14: OK | T14: SI | U14: Patricio Finschi | V14: #VALUE! | W14: #VALUE!
E15: MTC | F15: 140 | G15: =E15&"_"&TEXT(F15,"0000") -> MTC_0140 | H15: Sprint 1 | I15: HU05-FUN01: Validar que el reporte quede en el historial de fallas del vehículo | J15: Funcional | K15: El reporte aparece con fecha y hora, urgencia «Alta», estado «Pendiente», la descripción y «Reportado por Bombero Primera». | L15: Sistema levantado (Supabase + API + Front) con los datos del seed. Haber ejecutado HU05-CA1 (existe un reporte de falla de B-1). | M15: 1. Iniciar sesión como bombero.c1. 2. Abrir la ficha de B-1. 3. Revisar «Historial de Fallas». | N15: Según una prueba ejecutada anteriormente, se logra ver el historial de reporte de fallas con los registros correspondientes. | O15: Reporte creado en HU05-CA1. | P15: Reportar falla de un vehículo | Q15: Todo reporte de falla debe quedar registrado en la ficha del vehículo (ERS RF-07). | R15: Caja Negra | S15: OK | T15: SI | U15: Patricio Finschi | V15: #VALUE!
E16: MTC | F16: 150 | G16: =E16&"_"&TEXT(F16,"0000") -> MTC_0150 | H16: Sprint 1 | I16: HU05-SEG01: Validar que no se pueda reportar una falla de un vehículo de otra compañía | J16: Seguridad | K16: La página redirige al Dashboard. La API responde 404 «Vehículo no encontrado», no se crea el reporte y B-2 no cambia de estado. | L16: Sistema levantado (Supabase + API + Front) con los datos del seed. Sesión iniciada como bombero.c1 (Primera). | M16: 1. Escribir en el navegador http://localhost:5173/vehiculos/3/reportar-falla. 2. Con una herramienta de API y la sesión de bombero.c1, enviar POST /api/fallas con id_vehiculo = 3. | N16: No es posible llegar a un vehiculo de otra compañía forzando la url del sitio. | O16: Body: {"id_vehiculo": 3, "urgencia": "alta", "descripcion": "prueba"} | P16: Reportar falla de un vehículo | Q16: Solo se pueden reportar fallas de vehículos de la propia compañía. | R16: Hibrido | S16: OK | T16: SI | U16: Patricio Finschi | V16: #VALUE!
E17: MTC | F17: 160 | G17: =E17&"_"&TEXT(F17,"0000") -> MTC_0160 | H17: Sprint 1 | I17: HU06-CA1: Validar Escalar un reporte de falla | J17: Funcional | K17: Los reportes aparecen ordenados Alta → Media → Baja; a igual urgencia, el más antiguo primero. | L17: Sistema levantado (Supabase + API + Front) con los datos del seed. Existen al menos 3 reportes pendientes de la Primera compañía con urgencias distintas. | M17: 1. Como bombero.c1, reportar fallas con urgencia Baja, Alta y Media (en ese orden). 2. Cerrar sesión e iniciar como teniente.c1. 3. Abrir la pestaña «Fallas» y revisar «Pendientes de derivar». | N17: Se cumple el proceso mencionado, al teniente tiene pendientes las derivaciones que deber realziar según los reportes de falla y su gravedad. | O17: Usuarios bombero.c1 y teniente.c1 (clave de prueba según Backend/supabase/seed.sql). Tres reportes sobre B-1 y R-1 con urgencias Baja, Alta y Media. | P17: Escalar un reporte de falla | Q17: 1. Dado que tengo reportes nuevos, cuando entro a mi panel, entonces los veo ordenados por urgencia. | R17: Caja Negra | S17: OK | T17: SI | U17: Patricio Finschi | V17: #VALUE! | W17: #VALUE! | X17: #VALUE! | Y17: #VALUE! | Z17: #VALUE! | AA17: #VALUE! | AB17: #VALUE!
E18: MTC | F18: 170 | G18: =E18&"_"&TEXT(F18,"0000") -> MTC_0170 | H18: Sprint 1 | I18: HU06-CA2: Validar Escalar un reporte de falla | J18: Funcional | K18: El reporte queda en «Derivados al Inspector» con «Derivado por Teniente Primera» y la fecha. El Inspector ve el contador en la pestaña «Fallas» (aviso dentro de la app) y el botón «Registrar mantención» en el reporte. | L18: Sistema levantado (Supabase + API + Front) con los datos del seed. Sesión iniciada como teniente.c1 con al menos un reporte pendiente. | M18: 1. En la pestaña «Fallas», presionar «Derivar al Inspector» en un reporte. 2. Verificar que pasa a «Derivados al Inspector». 3. Cerrar sesión e iniciar como inspector.c1. 4. Revisar la pestaña «Fallas». | N18: Se cumple el proceso de derivar el reporte al inspector de material mayor, indicando quien lo reporta. | O18: Usuarios teniente.c1 e inspector.c1 (clave de prueba según Backend/supabase/seed.sql). | P18: Escalar un reporte de falla | Q18: 2. Dado que reviso un reporte, cuando lo derivo, entonces cambia su estado a "Derivado" y se notifica al Inspector de Material Mayor. | R18: Caja Negra | S18: OK | T18: SI | U18: Patricio Finschi | V18: #VALUE! | W18: #VALUE! | X18: #VALUE! | Y18: #VALUE!
E19: MTC | F19: 180 | G19: =E19&"_"&TEXT(F19,"0000") -> MTC_0180 | H19: Sprint 1 | I19: HU06-SEG01: Validar que un bombero no pueda acceder al panel de fallas ni derivar | J19: Seguridad | K19: La pestaña no aparece; la URL redirige al Dashboard; la API responde 403 «No tienes permisos para esta acción» y el reporte sigue «Pendiente». | L19: Sistema levantado (Supabase + API + Front) con los datos del seed. Sesión iniciada como bombero.c1. Existe un reporte pendiente (id conocido). | M19: 1. Verificar que la barra de navegación no muestra la pestaña «Fallas». 2. Escribir en el navegador http://localhost:5173/fallas. 3. Con una herramienta de API y la sesión de bombero.c1, enviar PATCH /api/fallas/<id>/derivar. | N19: Forzar la url del sitio como bombero no permite el acceso a ver los registros de fallas, tampoco forzando la url de la api se tiene acceso. | O19: Id de un reporte pendiente de la Primera compañía. | P19: Escalar un reporte de falla | Q19: Solo el Teniente Tercero, el Inspector y el Administrador pueden derivar reportes. | R19: Hibrido | S19: OK | T19: SI | U19: Patricio Finschi | V19: #VALUE! | W19: #VALUE!
E20: MTC | F20: 190 | G20: =E20&"_"&TEXT(F20,"0000") -> MTC_0190 | H20: Sprint 1 | I20: HU06-SEG02: Validar que un Teniente no vea reportes de otra compañía | J20: Seguridad | K20: El reporte de B-1 no aparece y el contador de la pestaña no lo incluye. | L20: Sistema levantado (Supabase + API + Front) con los datos del seed. Existe un reporte pendiente de B-1 (Primera compañía). | M20: 1. Iniciar sesión como teniente.c2 (Segunda). 2. Abrir la pestaña «Fallas». | N20: Igresando como el usuario de prueba, este no tiene reportes registrador porque aun no se realizan, pero teniente.c1 si los tiene, por ende se puede decir que .c2 no tiene acceso a ver los reportes de otra compañía | O20: Usuario: teniente.c2@sigmave.cl (clave de prueba según Backend/supabase/seed.sql). | P20: Escalar un reporte de falla | Q20: Cada Teniente solo ve los reportes de su compañía. | R20: Caja Negra | S20: OK | T20: SI | U20: Patricio Finschi | V20: #VALUE! | W20: #VALUE!
E21: MTC | F21: 200 | G21: =E21&"_"&TEXT(F21,"0000") -> MTC_0200 | H21: Sprint 1 | I21: HU12-CA1: Validar Dashboard de estado general de la flota | J21: Funcional | K21: Se muestra Operativos 2, En mantención 1 y No operativos 0, y las cifras coinciden con la lista de vehículos. | L21: Sistema levantado (Supabase + API + Front) con los datos del seed. Sesión iniciada como administrador (vista de comandancia: todas las compañías). El rol «Capitán / Comandancia» no existe en el sistema. | M21: 1. Iniciar sesión como administrador. 2. Con «Todas las compañías» en el selector, revisar «Estado de la flota» en el Dashboard. 3. Contar los vehículos de la lista por estado. | N21: Entrando como administrador ve el recuento de todas las compañias en base al estado de los vehiculos de emergencia. | O21: Usuario: admin@admin.cl (clave de prueba según seed.sql). Flota del seed: B-1 Operativo, R-1 En mantención, B-2 Operativo. | P21: Dashboard de estado general de la flota | Q21: 1. Dado que entro al dashboard, cuando la página carga, entonces veo cantidad de vehículos operativos, en mantención y no operativos. | R21: Caja Negra | S21: OK | T21: SI | U21: Patricio Finschi | V21: #VALUE!
E22: MTC | F22: 210 | G22: =E22&"_"&TEXT(F22,"0000") -> MTC_0210 | H22: Sprint 1 | I22: HU12-FUN01: Validar que las métricas del dashboard respeten la compañía elegida | J22: Funcional | K22: Primera: Operativos 1, En mantención 1, No operativos 0. Segunda: Operativos 1, En mantención 0, No operativos 0. bombero.c2 ve las mismas cifras que la Segunda. | L22: Sistema levantado (Supabase + API + Front) con los datos del seed. Sin cambios en la flota del seed. | M22: 1. Iniciar sesión como administrador y elegir «Primera compañía» en el selector; revisar las métricas. 2. Elegir «Segunda Compañía» y revisar las métricas. 3. Iniciar sesión como bombero.c2 y revisar las métricas. | N22: Ingresando como administrador se puede filtrar el listado de vehiculos por compañía, mostrando el recuento según corresponde a la compañía vista. | O22: Usuarios: admin@admin.cl y bombero.c2@sigmave.cl (clave de prueba según Backend/supabase/seed.sql). | P22: Dashboard de estado general de la flota | Q22: Las métricas deben corresponder a la compañía visible para el usuario. | R22: Caja Negra | S22: OK | T22: SI | U22: Patricio Finschi | V22: #VALUE! | W22: #VALUE! | X22: #VALUE!
E23: MTC | F23: 220 | G23: =E23&"_"&TEXT(F23,"0000") -> MTC_0220 | H23: Sprint 1 | I23: HU05-INT01: Integrar reporte de falla con estado del vehículo y aviso al Teniente | J23: Integración | K23: reporte_falla tiene el registro con estado «pendiente» y el id del bombero; vehiculo.estado_vehiculo de B-1 = «no_operativo» (ambos cambios se guardan en la misma operación); el reporte aparece en el panel del Teniente. | L23: Sistema levantado (Supabase + API + Front) con los datos del seed. B-1 Operativo. Acceso a Supabase Studio (http://127.0.0.1:55323) para revisar la base. | M23: 1. Como bombero.c1, reportar una falla de B-1 con urgencia Alta. 2. En Studio, revisar la tabla reporte_falla. 3. En Studio, revisar el estado de B-1 en la tabla vehiculo. 4. Iniciar sesión como teniente.c1 y revisar la pestaña «Fallas». | N23: La relacion entre usuario y reporte es correcta, queda registro de quien realiza el reporte y a que vehiculo relacionado. | O23: Descripción: «Falla en sistema de frenos»; urgencia Alta. | P23: Gestión de Fallas | Q23: El reporte, el estado del vehículo y el aviso al Teniente deben quedar consistentes entre la interfaz, la API y la base de datos. | R23: Hibrido | S23: OK | T23: SI | U23: Patricio Finschi | V23: #VALUE! | W23: #VALUE! | X23: #VALUE! | Y23: #VALUE! | Z23: #VALUE! | AA23: #VALUE! | AB23: #VALUE!
E24: MTC | F24: 230 | G24: =E24&"_"&TEXT(F24,"0000") -> MTC_0230 | H24: Sprint 1 | I24: HU06-INT01: Integrar derivación con notificación al Inspector | J24: Integración | K24: reporte_falla: estado_reporte = «derivado», con fecha_derivacion e id_usuario_deriva del Teniente. El Inspector ve el reporte en «Derivados al Inspector» y el contador lo incluye. | L24: Sistema levantado (Supabase + API + Front) con los datos del seed. Existe un reporte pendiente de la Primera compañía. Acceso a Supabase Studio. | M24: 1. Como teniente.c1, derivar el reporte desde la pestaña «Fallas». 2. En Studio, revisar el registro en reporte_falla. 3. Iniciar sesión como inspector.c1 y revisar el contador de «Fallas». | N24: Se cumplen los criterio de actualizacion según los cambios correspondientes. | O24: Reporte creado en HU05-INT01 (o cualquier reporte pendiente). | P24: Gestión de Fallas | Q24: La derivación debe actualizar el estado, registrar quién y cuándo derivó, y avisar al Inspector. | R24: Hibrido | S24: OK | T24: SI | U24: Patricio Finschi | V24: #VALUE! | W24: #VALUE! | X24: #VALUE! | Y24: #VALUE! | Z24: #VALUE!
E25: MTC | F25: 240 | G25: =E25&"_"&TEXT(F25,"0000") -> MTC_0240 | H25: Sprint 1 | I25: HU05-E2E01: Flujo completo de reporte y derivación de una falla | J25: End to End | K25: El flujo termina sin errores: B-1 queda «No Operativo», el reporte pasa de «Pendiente» a «Derivado» y la ficha muestra quién lo reportó y quién lo derivó. | L25: Sistema levantado (Supabase + API + Front) con los datos del seed. Todas las sesiones cerradas. | M25: 1. bombero.c1 inicia sesión, reporta una falla de B-1 y cierra sesión. 2. teniente.c1 inicia sesión, ve el contador en «Fallas», deriva el reporte y cierra sesión. 3. inspector.c1 inicia sesión y ve el reporte en «Derivados al Inspector». 4. Abrir la ficha de B-1 y revisar el «Historial de Fallas». | N25: En el historial de fallas se demuestra tanto el flujo completo en cuanto al reporte de falla y cumpliendo con los registros involucrados de estos. | O25: Usuarios bombero.c1, teniente.c1 e inspector.c1 (clave de prueba según Backend/supabase/seed.sql). Vehículo B-1; urgencia Alta. | P25: Flujo de Fallas | Q25: El flujo completo entre los tres roles debe terminar sin errores y mantener la trazabilidad del reporte. | R25: Caja Negra | S25: OK | T25: SI | U25: Patricio Finschi
E26: MTC | F26: 250 | G26: =E26&"_"&TEXT(F26,"0000") -> MTC_0250 | H26: Sprint 1 | I26: HU05-UAT01: Aceptación del reporte de falla | J26: UAT | K26: El usuario reporta la falla sin ayuda y confirma que el flujo le sirve. Sus comentarios se registran en «Resultado obtenido». | L26: Sesión de prueba con un bombero voluntario (usuario final) y un integrante del equipo como observador. Sistema con los datos del seed. | M26: 1. Explicar al usuario el objetivo, sin guiarlo paso a paso. 2. Pedirle que reporte una falla de un vehículo de su compañía. 3. El observador registra el tiempo, las dudas y los errores. 4. Preguntarle si el flujo responde a cómo trabajan en la compañía. | N26: Pendiente de ejecución | O26: Usuario: bombero.c1 (o una cuenta creada para la sesión). Falla de ejemplo elegida por el usuario. | P26: Gestión de Fallas | Q26: Aprobado si el usuario completa el reporte sin asistencia y valida que el flujo responde a su necesidad (meta sugerida: menos de 2 minutos). | R26: Caja Negra | S26: No ejecutado | T26: NO
E27: MTC | F27: 260 | G27: =E27&"_"&TEXT(F27,"0000") -> MTC_0260 | H27: Sprint 2 | I27: HU07-CA1: Validar Registrar mantención | J27: Funcional | K27: la mantención queda registrada en el historial | L27: Usuario con rol 'Inspector de Material Mayor' autenticado y datos de prueba disponibles. | N27: Pendiente de ejecución | O27: HU: HU07; Actor: Inspector de Material Mayor; Prioridad: Alta; Criterio: 1 | P27: Registrar mantención | Q27: 1. Dado que un vehículo tiene un reporte derivado, cuando completo el formulario de mantención (tipo, fecha, insumos, mano de obra, costo, taller), entonces la mantención queda registrada en el historial. | R27: Caja Negra | S27: No ejecutado | T27: SI
E28: MTC | F28: 270 | G28: =E28&"_"&TEXT(F28,"0000") -> MTC_0270 | H28: Sprint 2 | I28: HU07-CA2: Validar Registrar mantención | J28: Funcional | K28: el estado del vehículo se actualiza a "Operativo" si corresponde | L28: Usuario con rol 'Inspector de Material Mayor' autenticado y datos de prueba disponibles. | N28: Pendiente de ejecución | O28: HU: HU07; Actor: Inspector de Material Mayor; Prioridad: Alta; Criterio: 2 | P28: Registrar mantención | Q28: 2. Dado que registro la mantención, cuando la guardo, entonces el estado del vehículo se actualiza a "Operativo" si corresponde. | R28: Caja Negra | S28: No ejecutado | T28: SI
E29: MTC | F29: 280 | G29: =E29&"_"&TEXT(F29,"0000") -> MTC_0280 | H29: Sprint 2 | I29: HU08-CA1: Validar Consultar historial de mantenciones | J29: Funcional | K29: veo todas las mantenciones ordenadas por fecha, con su detalle | L29: Usuario con rol 'Inspector de Material Mayor' autenticado y datos de prueba disponibles. | N29: Pendiente de ejecución | O29: HU: HU08; Actor: Inspector de Material Mayor; Prioridad: Media; Criterio: 1 | P29: Consultar historial de mantenciones | Q29: 1. Dado que estoy en la ficha de un vehículo, cuando abro la pestaña "Historial", entonces veo todas las mantenciones ordenadas por fecha, con su detalle. | R29: Caja Negra | S29: No ejecutado | T29: SI
E30: MTC | F30: 290 | G30: =E30&"_"&TEXT(F30,"0000") -> MTC_0290 | H30: Sprint 2 | I30: HU09-CA1: Validar Generar alerta automática de mantención | J30: Código | K30: genera una alerta "Mantención próxima" | L30: Usuario con rol 'Sistema' autenticado y datos de prueba disponibles. | N30: Pendiente de ejecución | O30: HU: HU09; Actor: Sistema; Prioridad: Alta; Criterio: 1 | P30: Generar alerta automática de mantención | Q30: 1. Dado que un vehículo está a 30 días de cumplir 6 meses desde su última mantención, cuando el sistema evalúa las fechas, entonces genera una alerta "Mantención próxima". | R30: Caja Blanca | S30: No ejecutado | T30: SI
E31: MTC | F31: 300 | G31: =E31&"_"&TEXT(F31,"0000") -> MTC_0300 | H31: Sprint 2 | I31: HU09-CA2: Validar Generar alerta automática de mantención | J31: Código | K31: la alerta cambia a "Vencida" | L31: Usuario con rol 'Sistema' autenticado y datos de prueba disponibles. | N31: Pendiente de ejecución | O31: HU: HU09; Actor: Sistema; Prioridad: Alta; Criterio: 2 | P31: Generar alerta automática de mantención | Q31: 2. Dado que se cumplen los 6 meses sin mantención registrada, cuando el sistema evalúa las fechas, entonces la alerta cambia a "Vencida". | R31: Caja Blanca | S31: No ejecutado | T31: SI
E32: MTC | F32: 310 | G32: =E32&"_"&TEXT(F32,"0000") -> MTC_0310 | H32: Sprint 2 | I32: HU10-CA1: Validar Ver listado de alertas priorizadas | J32: Funcional | K32: las veo ordenadas de más a menos urgente (vencida > próxima) | L32: Usuario con rol 'Teniente Tercero' autenticado y datos de prueba disponibles. | N32: Pendiente de ejecución | O32: HU: HU10; Actor: Teniente Tercero; Prioridad: Alta; Criterio: 1 | P32: Ver listado de alertas priorizadas | Q32: 1. Dado que existen alertas activas, cuando entro a la sección "Alertas", entonces las veo ordenadas de más a menos urgente (vencida > próxima). | R32: Caja Negra | S32: No ejecutado | T32: SI
E33: MTC | F33: 320 | G33: =E33&"_"&TEXT(F33,"0000") -> MTC_0320 | H33: Sprint 2 | I33: HU11-CA1: Validar Notificaciones push de falla reportada | J33: Funcional | K33: recibo una notificación push | L33: Usuario con rol 'Bombero operativo' autenticado y datos de prueba disponibles. | N33: Pendiente de ejecución | O33: HU: HU11; Actor: Bombero operativo; Prioridad: Baja; Criterio: 1 | P33: Notificaciones push de falla reportada | Q33: 1. Dado que tengo la app abierta o en segundo plano, cuando se reporta una falla de un vehículo asociado a mí, entonces recibo una notificación push. | R33: Caja Negra | S33: No ejecutado | T33: SI
E34: MTC | F34: 330 | G34: =E34&"_"&TEXT(F34,"0000") -> MTC_0330 | H34: Sprint 2 | I34: HU07-INT01: Integrar mantención con estado del vehículo | J34: Integración | K34: La mantención queda registrada y el estado del vehículo se actualiza a Operativo cuando corresponde. | L34: Inspector autenticado; reporte derivado. | N34: Pendiente de ejecución | O34: Tipo: Preventiva; fecha; costo; taller | P34: Mantenciones | Q34: Los módulos de mantención e inventario deben mantener información consistente. | R34: Caja Negra | S34: No ejecutado | T34: SI
E35: MTC | F35: 340 | G35: =E35&"_"&TEXT(F35,"0000") -> MTC_0340 | H35: Sprint 2 | I35: HU07-E2E01: Flujo completo de falla a mantención | J35: End to End | K35: Reporte creado → derivado → mantención registrada → vehículo actualizado correctamente. | L35: Usuarios Bombero, Teniente e Inspector creados. | N35: Pendiente de ejecución | O35: Datos de falla y mantención | P35: Flujo de Fallas y Mantenciones | Q35: El flujo completo debe mantener trazabilidad entre etapas. | R35: Caja Negra | S35: No ejecutado | T35: SI
E36: MTC | F36: 350 | G36: =E36&"_"&TEXT(F36,"0000") -> MTC_0350 | H36: Sprint 3 | I36: HU13-CA1: Validar Reporte de costos por vehículo | J36: Funcional | K36: veo el costo total agrupado por vehículo | L36: Usuario con rol 'Administración' autenticado y datos de prueba disponibles. | N36: Pendiente de ejecución | O36: HU: HU13; Actor: Administración; Prioridad: Media; Criterio: 1 | P36: Reporte de costos por vehículo | Q36: 1. Dado que selecciono un rango de fechas, cuando genero el reporte, entonces veo el costo total agrupado por vehículo. | R36: Caja Negra | S36: No ejecutado | T36: SI
E37: MTC | F37: 360 | G37: =E37&"_"&TEXT(F37,"0000") -> MTC_0360 | H37: Sprint 3 | I37: HU14-CA1: Validar Exportar reporte de costos en PDF | J37: Funcional | K37: se descarga un archivo PDF con los datos mostrados | L37: Usuario con rol 'Administración' autenticado y datos de prueba disponibles. | N37: Pendiente de ejecución | O37: HU: HU14; Actor: Administración; Prioridad: Baja; Criterio: 1 | P37: Exportar reporte de costos en PDF | Q37: 1. Dado que tengo un reporte generado, cuando presiono "Exportar", entonces se descarga un archivo PDF con los datos mostrados. | R37: Caja Negra | S37: No ejecutado | T37: SI
E38: MTC | F38: 370 | G38: =E38&"_"&TEXT(F38,"0000") -> MTC_0370 | H38: Sprint 3 | I38: HU15-CA1: Validar Crear cuenta de usuario con rol asignado | J38: Funcional | K38: el usuario puede iniciar sesión con el rol asignado | L38: Usuario con rol 'Administrador' autenticado y datos de prueba disponibles. | N38: Pendiente de ejecución | O38: HU: HU15; Actor: Administrador; Prioridad: Alta; Criterio: 1 | P38: Crear cuenta de usuario con rol asignado | Q38: 1. Dado que completo el formulario de nuevo usuario (nombre, correo, rol), cuando lo guardo, entonces el usuario puede iniciar sesión con el rol asignado. | R38: Caja Negra | S38: No ejecutado | T38: SI
... E49: MTC | F49: 480 | G49: =E49&"_"&TEXT(F49,"0000") -> MTC_0480 | H49: Sprint 3 | I49: HU17-UAT01: Aceptación del acceso por rol | J49: UAT | K49: El usuario valida que al iniciar sesión ve las funciones correspondientes a su rol. | L49: Cuentas de prueba por rol. | N49: Pendiente de ejecución | O49: Credenciales de prueba | P49: Seguridad | Q49: El acceso debe coincidir con las responsabilidades del usuario. | R49: Caja Negra | S49: No ejecutado | T49: NO

Sheet Control
B6: Casos | C6: OK | D6: =COUNTIF('Plan de prueba'!$S$2:$S$500,C6) -> 22 | O6: Casos Sprint 1 | P6: OK | Q6: =COUNTIF('Plan de prueba'!S2:S26,P6) -> 22
C7: NOK | D7: =COUNTIF('Plan de prueba'!$S$2:$S$500,C7) -> 1 | P7: NOK | Q7: =COUNTIF('Plan de prueba'!S2:S26,P7) -> 1
C8: No ejecutado | D8: =COUNTIF('Plan de prueba'!$S$2:$S$500,C8) -> 24 | P8: No ejecutado | Q8: =COUNTIF('Plan de prueba'!S2:S26,P8) -> 1
C9: Bloqueado | D9: =COUNTIF('Plan de prueba'!$S$2:$S$500,C9) -> 1 | P9: Bloqueado | Q9: =COUNTIF('Plan de prueba'!S2:S26,P9) -> 1
C10: Obsoleto | D10: =COUNTIF('Plan de prueba'!$S$2:$S$500,C10) -> 0 | P10: Obsoleto | Q10: =COUNTIF('Plan de prueba'!S3:S27,P10) -> 0
B13: Total de casos | D13: =COUNTIF('Plan de prueba'!$E$2:$E$500,"*") -> 48 | O13: Total de casos | Q13: =COUNTIF('Plan de prueba'!H2:H26,'Plan de prueba'!H26) -> 25
B14: % de avance | D14: =SUM(D6+D7+D9+D10)/D13 -> 0.5 | O14: % de avance | Q14: =SUM(Q6+Q7+Q9+Q10)/Q13 -> 0.96
B18: Total casos que ejecuto cada integrante del equipo | D18: Patricio Finschi | F18: =COUNTIF('Plan de prueba'!$U$2:$U$500,D18) -> 24
D19: Enzo Toledo | F19: =COUNTIF('Plan de prueba'!$U$2:$U$500,D19) -> 0
D20: Ramón Ortiz | F20: =COUNTIF('Plan de prueba'!$U$2:$U$500,D20) -> 0
D23: Total Casos | F23: =SUM(F18:F21) -> 24

Sheet Datos
A1: Funcional | B1: Caja Negra
A2: No Funcional | B2: Caja Blanca
A3: Completar | B3: Hibrido

Sheet Datos del plan
A1: Funcional | B1: OK | C1: Baja | D1: SI | E1: Sprint 1 | F1: Patricio Finschi
A2: No Funcional | B2: NOK | C2: Media | D2: NO | E2: Sprint 2 | F2: Enzo Toledo
A3: UAT | B3: No ejecutado | C3: Alta | E3: Sprint 3 | F3: Ramón Ortiz
A4: Código | B4: Bloqueado | E4: Cierre
A5: End to End | B5: Obsoleto
A6: Stress
A7: Rendimiento
A8: Carga
A9: Unitaria
A10: Integración
A11: Seguridad
